Name (2014),Year (2014),Year (2015),Year (2016),Year (2017),Year (2018),LinkedIn,Notes
Alchemy Code Lab,,,,,2018,https://www.linkedin.com/school/alchemy-code-lab/people/,
App Academy,2014,2015,2016,2017,2018,https://www.linkedin.com/school/app-academy/people/,
Array School of Technology and Design,,,,2017,2018,https://www.linkedin.com/school/array-school-of-technology-&-design/people/,
Awesome Inc,,,2016,2017,2018,https://www.linkedin.com/school/awesome-inc/people/,
Bitmaker General Assembly,,2015,2016,2017,2018,https://www.linkedin.com/school/bitmakerga/people/,Toronto (originally Bitmaker Labs)
Bottega,,,,2017,2018,https://www.linkedin.com/school/bottega-tech/people/,
BrainStation,,2015,2016,2017,2018,https://www.linkedin.com/school/brainstation/people/,
Burlington Code Academy,,,,,2018,https://www.linkedin.com/school/burlington-code-academy/people/,
Byte Academy,,2015,2016,2017,2018,https://www.linkedin.com/school/byte-academy/people/,
Claim Academy,,2015,2016,2017,2018,https://www.linkedin.com/school/claim-academy/people/,
Code Career Academy,,,,2017,2018,https://www.linkedin.com/school/code-career-academy/people/,
Code Fellows,2014,2015,2016,2017,2018,https://www.linkedin.com/school/code-fellows/people/,
CodeCore Bootcamp,,2015,2016,2017,2018,https://www.linkedin.com/school/codecore-developer-bootcamp/people/,Vancouver (aka CodeCore Developer Bootcamp)
CodeCraft School,,2015,2016,2017,2018,https://www.linkedin.com/school/codecraft-school-of-technology/people/,Closed
Code Partners,,,,,2018,https://www.linkedin.com/school/codepartnersmd/people/,
Codeup,2014,2015,2016,2017,2018,https://www.linkedin.com/school/codeup/people/,
Coding Dojo,2014,2015,2016,2017,2018,https://www.linkedin.com/school/codingdojo/people/,
DecodeMTL,,2015,2016,2017,2018,https://www.linkedin.com/school/decode-mtl/people/,Montreal
Dev Bootcamp,2014,2015,2016,2017,,https://www.linkedin.com/school/dev-bootcamp/people/,"Closed at end of 2017, but have alumni page"
Dev League,2014,2015,2016,2017,2018,https://www.linkedin.com/school/dev-league-llc/people/,
DevMountain,2014,2015,2016,2017,2018,https://www.linkedin.com/school/devmountain/people/,
DevPoint Labs,,2015,2016,2017,2018,https://www.linkedin.com/school/devpoint-labs/people/,
DigitalCrafts,,,2016,2017,2018,https://www.linkedin.com/school/digitalcrafts/people/,
Fullstack Academy,2014,2015,2016,2017,2018,https://www.linkedin.com/school/fullstack-academy-of-code/people/,Fullstack Academy of Code
Galvanize,2014,2015,2016,2017,2018,https://www.linkedin.com/school/galvanize-it/people/,(Included gSchool and Zipfian Academy in 2014)
General Assembly,2014,2015,2016,2017,2018,https://www.linkedin.com/school/general-assemb-ly/people/,
Hack Reactor,2014,2015,2016,2017,2018,https://www.linkedin.com/school/hack-reactor/people/,
Hackbright Academy,2014,2015,2016,2017,2018,https://www.linkedin.com/school/hackbright-academy/people/,
HackerYou,,2015,2016,2017,2018,https://www.linkedin.com/school/hackeryou/people/,Toronto
Helio Training,,,,2017,2018,https://www.linkedin.com/school/helio-training/people/,
Holberton School,,,2016,2017,2018,https://www.linkedin.com/school/holberton-school/people/,
Horizons Academy,,,2016,2017,2018,https://www.linkedin.com/school/horizons-academy-26/people/,
Hunter Business School,,,,2017,2018,https://www.linkedin.com/school/hunter-business-school/people/,I'm not sure why this is included?
Ironhack,,2015,,2017,2018,https://www.linkedin.com/school/ironhack/people/,Mostly abroad
LaunchCode,,,,2017,,https://www.linkedin.com/school/launchcode/people/,
LearningFuze,,2015,2016,2017,2018,https://www.linkedin.com/school/learningfuze/people/,
Lighthouse Labs,,2015,2016,2017,2018,https://www.linkedin.com/school/lighthouse-labs/people/,
MakerSquare,2014,2015,2016,2017,,https://www.linkedin.com/school/makersquare/people/,
Metis,2014,,,,,https://www.linkedin.com/school/metis/people/,
New York Code + Design Academy,2014,2015,2016,2017,2018,https://www.linkedin.com/school/new-york-code-design-academy/people/,
Operation Spark,,,,,2018,https://www.linkedin.com/school/operation-spark/people/,
Orange County Code School,,2015,2016,2017,2018,https://www.linkedin.com/school/orange-county-code-school/people/,
PDX Code Guild,,2015,2016,2017,2018,https://www.linkedin.com/school/pdx-code-guild/people/,
Prime Digital Academy,,2015,2016,2017,2018,https://www.linkedin.com/school/prime-digital-academy/people/,
The Tech Academy,2014,2015,2016,,,https://www.linkedin.com/school/prosper-it-academy/people/,(Originally Prosper IT Academy in 2014)
RED Academy,,,,2017,2018,https://www.linkedin.com/school/red-academy/people/,Vancouver
RefactorU,,2015,2016,,,https://www.linkedin.com/school/refactoru/people/,
LEARN Academy,,2015,2016,2017,2018,https://www.linkedin.com/school/sd-learn/,(originally Notch8 LEARN)
SeedPaths,2014,2015,,,,https://www.linkedin.com/school/seedpaths/people/,No longer offers in-person coding bootcamps as of 2015
Skill Distillery,,2015,2016,,2018,https://www.linkedin.com/school/skill-distillery/people/,
Tech Elevator,,,2016,2017,2018,https://www.linkedin.com/school/tech-elevator/people/,
Flatiron School,2014,2015,2016,2017,2018,https://www.linkedin.com/school/the-flatiron-school/people/,
The Iron Yard,2014,2015,2016,2017,,https://www.linkedin.com/school/the-iron-yard/people/,
Turing School,2014,2015,2016,2017,2018,https://www.linkedin.com/school/turing-school-of-software-&-design/people/,
V School,2014,2015,2016,2017,2018,https://www.linkedin.com/school/v-school/people/,(Originally Coding Campus in 2014 and 2015)
Wyncode,2014,2015,2016,2017,2018,https://www.linkedin.com/school/wyncode/people/,
Epicodus,2014,2015,2016,2017,2018,NA,Alumni page is members-only
Code Builders,,,2016,,,NA,Closed
CodeMasters Academy,,,2016,,,NA,Closed
CodeNinja,,,2016,2017,2018,NA,Closed
Coding House,2014,2015,2016,,,NA,Closed
Dev/Iowa Bootcamp,2014,,,,,NA,Closed
GTT Academy,,,,2017,,NA,Closed
Guild of Software Architects,,,2016,,,NA,Closed
Mobile Makers Academy,2014,2015,2016,,,NA,Closed
Portland Code School,,2015,,,,NA,Closed
Rocket-U,2014,2015,,,,NA,Closed
Silicon Stem Academy,,,2016,,,NA,Closed
Think Academy,,,2016,,,NA,Closed
Upscale Academy,,,,2017,,NA,Closed
Starter League,2014,,2016,,,NA,"Closed and no alumni page, but now part of Fullstack Academy"
HackDojo,,,2016,,,NA,"Closed, previously School of Devs"
Fire Bootcamp,,2015,2016,,,NA,Could not find
Arkansas Coding Academy,,,,,2018,NA,Could not find
DeltaV Code School,,,,2017,2018,NA,Could not find
Gainesville Dev Academy,,,,2017,,NA,Could not find
Momentum,,,,,2018,NA,Could not find
SD Code Bootcamp,,,2016,,,NA,Could not find
The Clubhou.se Code Bootcamp,,,,,2018,NA,Could not find
C4Q Access Code,,,2016,2017,2018,NA,Could not find (now Pursuit)
Coder Vox,,2015,,,,NA,Currently appears to be online only
Coder Foundry,,2015,2016,2017,2018,NA,Open but closed alumni group
Academy Pittsburgh,,,2016,2017,2018,NA,Open but no alumni page
Acclaim Education,,,,2017,2018,NA,Open but no alumni page
Blue Ocean Coding,,,,,2018,NA,Open but no alumni page
BoiseCodeWorks,,,2016,2017,2018,NA,Open but no alumni page
Cleveland Codes,,,,,2018,NA,Open but no alumni page
Code Platoon,,,2016,2017,2018,NA,Open but no alumni page
Code Tahoe,,,,2017,,NA,Open but no alumni page
CodedByU,,,2016,,,NA,Open but no alumni page
Coder Camps,,2015,2016,2017,2018,NA,Open but no alumni page
Codesmith,,,2016,2017,2018,NA,Open but no alumni page
Coding Temple,,,2016,2017,2018,NA,Open but no alumni page
Cultivating Coders,,,2016,2017,,NA,Open but no alumni page
devCodeCamp,,2015,2016,2017,2018,NA,Open but no alumni page
Disruption Institute,,,,,2018,NA,Open but no alumni page
Eleven Fifty Academy,,,,,2018,NA,Open but no alumni page
Grand Circus,,2015,2016,2017,2018,NA,Open but no alumni page
i2 Labs Academy,,,,2017,2018,NA,Open but no alumni page
Innovate Birmingham,,,,,2018,NA,Open but no alumni page
JRS Coding School,,,,2017,2018,NA,Open but no alumni page
Kenzie Academy,,,,,2018,NA,Open but no alumni page
Launch Academy,2014,2015,,2017,2018,NA,Open but no alumni page
Make School,,,,,2018,NA,Open but no alumni page
Montana Code School,,,2016,2017,2018,NA,Open but no alumni page
Nashville Software School,2014,2015,2016,2017,2018,NA,Open but no alumni page
Omaha Code School,2014,2015,2016,2017,,NA,Open but no alumni page
Origin Code Academy,,,2016,2017,2018,NA,Open but no alumni page
Project Shift,,,,,2018,NA,Open but no alumni page
Punch Code,,,,,2018,NA,Open but no alumni page
Redwood Code Academy,,,,2017,2018,NA,Open but no alumni page
Resilient Coders,,,,,2018,NA,Open but no alumni page
Revature,,,,2017,2018,NA,Open but no alumni page
Rithm School,,,,2017,2018,NA,Open but no alumni page
Sabio,2014,2015,2016,2017,2018,NA,Open but no alumni page
Softstack Factory,,,2016,,,NA,Open but no alumni page
Startup Institute,2014,2015,2016,,,NA,Open but no alumni page
Tech Talent South,2014,2015,2016,2017,2018,NA,Open but no alumni page
Techtonica,,,,,2018,NA,Open but no alumni page
Tradecraft,,,2016,,,NA,Open but no alumni page
TurnToTech,2014,2015,2016,2017,2018,NA,Open but no alumni page
We Can Code IT,,2015,2016,2017,2018,NA,Open but no alumni page
Zip Code Wilmington,,,2016,2017,2018,NA,Open but no alumni page
Big Sky Code Academy,,,2016,2017,2018,NA,Open but no alumni page (aka Big Sky Code Academy)
Cook Systems Fast Track'd,,,,,2018,NA,Open but no alumni page (aka Cook Systems Inc)
Grace Hopper Academy,,,2016,2017,2018,NA,Open but no alumni page (aka Grace Hopper Program at Fullstack Academy)
Cincy Code IT,,,2016,2017,2018,NA,Open but no alumni page (aka MAX Technical Training?)
Craftsmanship Academy,2014,2015,2016,2017,2018,NA,Open but no alumni page (aka RoleModel Craftsmanship Academy)
Covalence,,,2016,2017,,NA,Open but no alumni page (originally Depot/U)
The Software Guild,2014,2015,2016,2017,2018,NA,Open but no alumni page (Originally Software Craftsmanship Guild in 2014 and 2015)
Deep Dive Coders,2014,2015,2016,2017,2018,NA,"Open, but no alumni page (aka Deep Dive Coding)"
Ada Developers Academy,,2015,2016,2017,2018,NA,"Open, but only an Ada Academy Alumnae group with followers"
Telegraph Academy,,,2016,,,NA,Part of Hack Reactor
,,,,,,,
,,,,,,,
,,,,,,,
"Indicates a change in qualification status (for example, changed to online only or part-time, etc.) such that they can only be considered for the years provided",,,,,,,
Some of these are also online only...,,,,,,,
Doesn't seem to be a coding bootcamp...,,,,0.1278195489,0.4210526316,,